Customer Type,count,percentage
Loyal Customer,106100,81.69079149984601
disloyal Customer,23780,18.30920850015399
