satisfaction,count,percentage
dissatisfied,46233,42.94911097486205
satisfied,61413,57.05088902513795
