Distance Bin,Percentage
1100-1400,34.76702508960574
1400-1700,38.60201511335013
1700-2000,38.63757317722193
2000-2300,43.0471584038694
2300-2600,42.270992366412216
2600-3000,42.41676942046856
