satisfaction,count,percentage
dissatisfied,58793,45.26716969510317
satisfied,71087,54.73283030489683
