Distance Bin,Percentage
0-300,75.95238095238095
300-600,69.76842105263158
600-900,68.6087990487515
900-1200,57.6544315129812
1200-1500,45.143358689291986
1500-1800,43.87033398821218
1800-2100,41.85563114134543
2100-2400,40.2838962310328
2400-2700,40.86391437308868
2700-3000,36.02573266619014
3000-3500,36.44444444444444
3500-4000,39.136490250696376
4000-5000,35.34136546184739
5000-6000,27.27272727272727
6000-7000,12.5
7000-8000,
