Type of Travel,count,percentage
Personal Travel,25569,29.60231548480463
Business travel,60806,70.39768451519537
